{
    "Anger": 0.07287059718605558,
    "Disgust": 0.020456255663598537,
    "Fear": 0.03484845322701836,
    "Joy": 0.03394744462776379,
    "Sadness": 0.024483909975493053,
    "Surprise (negative)": 0.026388902714300413,
    "Surprise (positive)": 0.013394237763141512
}