{
    "entry_id": "id_004_neg",
    "vocal_features": {
        "mean_pitch_st": 6.65,
        "mean_pitch_hz": 220.22,
        "mean_intensity_db": 60.76,
        "mean_hnr_db": 12.19,
        "jitter_local": 0.018,
        "shimmer_local": 0.0737,
        "formants_hz": {
            "F1": 1458.84,
            "F2": 2671.13,
            "F3": 3650.26,
            "B1": 653.13,
            "B2": 462.19,
            "B3": 1491.47
        },
        "voiced_length": 132.01,
        "unvoiced_length": 53.02
    },
    "praat_distances": {
        "anger": 385.1296218120378,
        "joy": 277.9801803808842,
        "fear": 227.74129620618857,
        "sadness": 370.3103159353196,
        "surprise": 435.61812328883394
    },
    "praat_scores": {
        "anger": 0.16664837059912954,
        "joy": 0.23088417236170994,
        "fear": 0.2818163631208974,
        "sadness": 0.1733174075252505,
        "surprise": 0.14733368639301261
    },
    "praat_label": "fear",
    "hume_probs": {
        "anger": 0.3986784140969163,
        "fear": 0.15418502202643172,
        "joy": 0.23678414096916298,
        "sadness": 0.10352422907488987,
        "surprise": 0.10682819383259912,
        "time": 86.95
    },
    "hume_label": "anger"
}