{
    "entry_id": "id_0042_neg",
    "vocal_features": {
        "mean_pitch_st": 6.11,
        "mean_pitch_hz": 213.46,
        "mean_intensity_db": 62.85,
        "mean_hnr_db": 11.68,
        "jitter_local": 0.0214,
        "shimmer_local": 0.083,
        "formants_hz": {
            "F1": 721.2,
            "F2": 1685.91,
            "F3": 2600.17,
            "B1": 516.44,
            "B2": 350.98,
            "B3": 846.92
        },
        "voiced_length": 96.47,
        "unvoiced_length": 27.86
    },
    "praat_distances": {
        "anger": 349.4854257257126,
        "joy": 248.4470003434904,
        "fear": 204.3547269352561,
        "sadness": 336.52659664483633,
        "surprise": 398.33784329941636
    },
    "praat_scores": {
        "anger": 0.16576224037863824,
        "joy": 0.2331744275457982,
        "fear": 0.283484937681953,
        "sadness": 0.172145345179754,
        "surprise": 0.1454330492138565
    },
    "praat_label": "fear",
    "hume_probs": {
        "anger": 0.3472668810289389,
        "fear": 0.11897106109324758,
        "joy": 0.2958199356913183,
        "sadness": 0.15326902465166128,
        "surprise": 0.08467309753483386,
        "time": 62.283
    },
    "hume_label": "anger"
}