{
    "entry_id": "id_002_neg",
    "vocal_features": {
        "mean_pitch_st": -1.26,
        "mean_pitch_hz": 139.48,
        "mean_intensity_db": 63.53,
        "mean_hnr_db": 0.95,
        "jitter_local": 0.028,
        "shimmer_local": 0.1494,
        "formants_hz": {
            "F1": 278.18,
            "F2": 1385.14,
            "F3": 2815.88,
            "B1": 150.84,
            "B2": 318.75,
            "B3": 622.17
        },
        "voiced_length": 85.9,
        "unvoiced_length": 19.96
    },
    "praat_distances": {
        "anger": 39.066917179681575,
        "joy": 67.29664105215656,
        "fear": 102.9661055832859,
        "sadness": 33.83555465874117,
        "surprise": 29.77861101004668
    },
    "praat_scores": {
        "anger": 0.2259143250679584,
        "joy": 0.1311473527342972,
        "fear": 0.08571535572153575,
        "sadness": 0.2608432544174235,
        "surprise": 0.2963797120587851
    },
    "praat_label": "surprise",
    "hume_probs": {
        "anger": 0.1976241900647948,
        "fear": 0.13714902807775378,
        "joy": 0.316414686825054,
        "sadness": 0.21382289416846656,
        "surprise": 0.1349892008639309,
        "time": 53.298
    },
    "hume_label": "joy"
}