{
    "entry_id": "id_0043_neg",
    "vocal_features": {
        "mean_pitch_st": 7.27,
        "mean_pitch_hz": 228.33,
        "mean_intensity_db": 61.59,
        "mean_hnr_db": 13.4,
        "jitter_local": 0.0216,
        "shimmer_local": 0.0858,
        "formants_hz": {
            "F1": 504.16,
            "F2": 1485.62,
            "F3": 1654.08,
            "B1": 129.22,
            "B2": 4030.59,
            "B3": 122.8
        },
        "voiced_length": 71.38,
        "unvoiced_length": 21.93
    },
    "praat_distances": {
        "anger": 479.1362322440588,
        "joy": 357.35788387103145,
        "fear": 292.19477996821695,
        "sadness": 459.1062683502756,
        "surprise": 530.8071056710792
    },
    "praat_scores": {
        "anger": 0.16872391530783273,
        "joy": 0.22622067305989324,
        "fear": 0.27667072276550353,
        "sadness": 0.17608503005892584,
        "surprise": 0.15229965880784468
    },
    "praat_label": "fear",
    "hume_probs": {
        "anger": 0.4015233949945593,
        "fear": 0.12187159956474429,
        "joy": 0.264417845484222,
        "sadness": 0.11860718171926006,
        "surprise": 0.09357997823721435,
        "time": 45.909
    },
    "hume_label": "anger"
}