{
    "entry_id": "id_003_neg",
    "vocal_features": {
        "mean_pitch_st": -4.11,
        "mean_pitch_hz": 118.27,
        "mean_intensity_db": 64.75,
        "mean_hnr_db": -0.21,
        "jitter_local": 0.0242,
        "shimmer_local": 0.1307,
        "formants_hz": {
            "F1": 483.5,
            "F2": 2126.28,
            "F3": 2795.68,
            "B1": 138.5,
            "B2": 830.7,
            "B3": 220.23
        },
        "voiced_length": 88.94,
        "unvoiced_length": 24.59
    },
    "praat_distances": {
        "anger": 55.140378585662006,
        "joy": 97.40115870540494,
        "fear": 136.0162219998314,
        "sadness": 47.195264336403895,
        "surprise": 37.35520860774548
    },
    "praat_scores": {
        "anger": 0.2166393334050054,
        "joy": 0.1226430477138755,
        "fear": 0.08782463454489242,
        "sadness": 0.25310960733009397,
        "surprise": 0.31978337700613274
    },
    "praat_label": "surprise",
    "hume_probs": {
        "anger": 0.17096774193548386,
        "fear": 0.15913978494623654,
        "joy": 0.27956989247311825,
        "sadness": 0.28279569892473116,
        "surprise": 0.10752688172043011,
        "time": 57.776
    },
    "hume_label": "sadness"
}