{
    "entry_id": "id_006_neg",
    "vocal_features": {
        "mean_pitch_st": 5.83,
        "mean_pitch_hz": 210.07,
        "mean_intensity_db": 62.59,
        "mean_hnr_db": 11.78,
        "jitter_local": 0.0244,
        "shimmer_local": 0.1254,
        "formants_hz": {
            "F1": 1172.56,
            "F2": 2666.31,
            "F3": 3654.53,
            "B1": 222.04,
            "B2": 535.05,
            "B3": 490.74
        },
        "voiced_length": 70.81,
        "unvoiced_length": 24.01
    },
    "praat_distances": {
        "anger": 358.60320829315947,
        "joy": 256.3104311991773,
        "fear": 211.41186725846075,
        "sadness": 345.04833545923503,
        "surprise": 405.3559016067674
    },
    "praat_scores": {
        "anger": 0.16613299049715735,
        "joy": 0.23243620265699752,
        "fear": 0.2817998064749913,
        "sadness": 0.1726593559995008,
        "surprise": 0.14697164437135293
    },
    "praat_label": "fear",
    "hume_probs": {
        "anger": 0.3013698630136986,
        "fear": 0.2718651211801897,
        "joy": 0.17281348788198106,
        "sadness": 0.16227608008429928,
        "surprise": 0.0916754478398314,
        "time": 50.338
    },
    "hume_label": "anger"
}